<?xml version="1.0" encoding="UTF-8"?>
<GenRun Id="synth_1" LaunchPart="xc7z020clg484-1" LaunchTime="1587562408">
  <File Type="PA-TCL" Name="textlcd.tcl"/>
  <File Type="RDS-PROPCONSTRS" Name="textlcd_drc_synth.rpt"/>
  <File Type="REPORTS-TCL" Name="textlcd_reports.tcl"/>
  <File Type="RDS-RDS" Name="textlcd.vds"/>
  <File Type="RDS-UTIL" Name="textlcd_utilization_synth.rpt"/>
  <File Type="RDS-UTIL-PB" Name="textlcd_utilization_synth.pb"/>
  <File Type="RDS-DCP" Name="textlcd.dcp"/>
  <File Type="VDS-TIMINGSUMMARY" Name="textlcd_timing_summary_synth.rpt"/>
  <File Type="VDS-TIMING-PB" Name="textlcd_timing_summary_synth.pb"/>
  <FileSet Name="sources" Type="DesignSrcs" RelSrcDir="$PSRCDIR/sources_1">
    <Filter Type="Srcs"/>
    <File Path="$PSRCDIR/sources_1/imports/2016117270/textlcd.v">
      <FileInfo>
        <Attr Name="ImportPath" Val="$PPRDIR/../textlcd.v"/>
        <Attr Name="ImportTime" Val="1587013546"/>
        <Attr Name="UsedIn" Val="synthesis"/>
        <Attr Name="UsedIn" Val="implementation"/>
        <Attr Name="UsedIn" Val="simulation"/>
      </FileInfo>
    </File>
    <Config>
      <Option Name="DesignMode" Val="RTL"/>
      <Option Name="TopModule" Val="textlcd"/>
      <Option Name="TopAutoSet" Val="TRUE"/>
    </Config>
  </FileSet>
  <FileSet Name="constrs_in" Type="Constrs" RelSrcDir="$PSRCDIR/constrs_1">
    <Filter Type="Constrs"/>
    <File Path="$PSRCDIR/constrs_1/imports/2016117270/top.xdc">
      <FileInfo>
        <Attr Name="ImportPath" Val="$PPRDIR/../top.xdc"/>
        <Attr Name="ImportTime" Val="1587013547"/>
        <Attr Name="UsedIn" Val="synthesis"/>
        <Attr Name="UsedIn" Val="implementation"/>
      </FileInfo>
    </File>
    <Config>
      <Option Name="ConstrsType" Val="XDC"/>
    </Config>
  </FileSet>
  <FileSet Name="utils" Type="Utils" RelSrcDir="$PSRCDIR/utils_1">
    <Filter Type="Utils"/>
    <Config>
      <Option Name="TopAutoSet" Val="TRUE"/>
    </Config>
  </FileSet>
  <Strategy Version="1" Minor="2">
    <StratHandle Name="Vivado Synthesis Defaults" Flow="Vivado Synthesis 2019"/>
    <Step Id="synth_design"/>
  </Strategy>
</GenRun>
