<?xml version="1.0"?>
<Runs Version="1" Minor="0">
	<Run Id="system_rst_ps7_0_50M_0_synth_1" LaunchDir="C:/work/2016117270/ps_textlcd/ps_textlcd.runs/system_rst_ps7_0_50M_0_synth_1" FlowId="Vivado_Synthesis" FromStepId="vivado" ToStepId="vivado"/>
	<Run Id="system_processing_system7_0_0_synth_1" LaunchDir="C:/work/2016117270/ps_textlcd/ps_textlcd.runs/system_processing_system7_0_0_synth_1" FlowId="Vivado_Synthesis" FromStepId="vivado" ToStepId="vivado"/>
	<Run Id="system_textlcd_0_0_synth_1" LaunchDir="C:/work/2016117270/ps_textlcd/ps_textlcd.runs/system_textlcd_0_0_synth_1" FlowId="Vivado_Synthesis" FromStepId="vivado" ToStepId="vivado"/>
	<Run Id="system_auto_pc_0_synth_1" LaunchDir="C:/work/2016117270/ps_textlcd/ps_textlcd.runs/system_auto_pc_0_synth_1" FlowId="Vivado_Synthesis" FromStepId="vivado" ToStepId="vivado"/>
	<Run Id="synth_1" LaunchDir="C:/work/2016117270/ps_textlcd/ps_textlcd.runs/synth_1" FlowId="Vivado_Synthesis" FromStepId="vivado" ToStepId="vivado">
		<Parent Id="system_rst_ps7_0_50M_0_synth_1"/>
		<Parent Id="system_processing_system7_0_0_synth_1"/>
		<Parent Id="system_textlcd_0_0_synth_1"/>
		<Parent Id="system_auto_pc_0_synth_1"/>
	</Run>
	<Run Id="impl_1" LaunchDir="C:/work/2016117270/ps_textlcd/ps_textlcd.runs/impl_1" FlowId="Vivado_Implementation" FromStepId="init_design" ToStepId="write_bitstream">
		<Parent Id="synth_1"/>
		<Parent Id="system_rst_ps7_0_50M_0_synth_1"/>
		<Parent Id="system_processing_system7_0_0_synth_1"/>
		<Parent Id="system_textlcd_0_0_synth_1"/>
		<Parent Id="system_auto_pc_0_synth_1"/>
	</Run>
	<Parameters>
		<Parameter Name="runs.monitorLSFJobs" Val="true" Type="bool"/>
	</Parameters>
</Runs>

