<?xml version="1.0" encoding="UTF-8"?>
<GenRun Id="impl_1" LaunchPart="xc7z020clg484-1" LaunchTime="1587562408">
  <File Type="BITSTR-BMM" Name="textlcd_bd.bmm"/>
  <File Type="OPT-METHODOLOGY-DRC" Name="textlcd_methodology_drc_opted.rpt"/>
  <File Type="INIT-TIMING" Name="textlcd_timing_summary_init.rpt"/>
  <File Type="ROUTE-PWR" Name="textlcd_power_routed.rpt"/>
  <File Type="PA-TCL" Name="textlcd.tcl"/>
  <File Type="OPT-TIMING" Name="textlcd_timing_summary_opted.rpt"/>
  <File Type="OPT-DCP" Name="textlcd_opt.dcp"/>
  <File Type="ROUTE-PWR-SUM" Name="textlcd_power_summary_routed.pb"/>
  <File Type="REPORTS-TCL" Name="textlcd_reports.tcl"/>
  <File Type="OPT-DRC" Name="textlcd_drc_opted.rpt"/>
  <File Type="OPT-HWDEF" Name="textlcd.hwdef"/>
  <File Type="PWROPT-DCP" Name="textlcd_pwropt.dcp"/>
  <File Type="PWROPT-DRC" Name="textlcd_drc_pwropted.rpt"/>
  <File Type="PWROPT-TIMING" Name="textlcd_timing_summary_pwropted.rpt"/>
  <File Type="PLACE-DCP" Name="textlcd_placed.dcp"/>
  <File Type="PLACE-IO" Name="textlcd_io_placed.rpt"/>
  <File Type="PLACE-CLK" Name="textlcd_clock_utilization_placed.rpt"/>
  <File Type="PLACE-UTIL" Name="textlcd_utilization_placed.rpt"/>
  <File Type="PLACE-UTIL-PB" Name="textlcd_utilization_placed.pb"/>
  <File Type="PLACE-CTRL" Name="textlcd_control_sets_placed.rpt"/>
  <File Type="PLACE-SIMILARITY" Name="textlcd_incremental_reuse_placed.rpt"/>
  <File Type="PLACE-PRE-SIMILARITY" Name="textlcd_incremental_reuse_pre_placed.rpt"/>
  <File Type="BG-BGN" Name="textlcd.bgn"/>
  <File Type="PLACE-TIMING" Name="textlcd_timing_summary_placed.rpt"/>
  <File Type="POSTPLACE-PWROPT-DCP" Name="textlcd_postplace_pwropt.dcp"/>
  <File Type="BG-BIN" Name="textlcd.bin"/>
  <File Type="POSTPLACE-PWROPT-TIMING" Name="textlcd_timing_summary_postplace_pwropted.rpt"/>
  <File Type="PHYSOPT-DCP" Name="textlcd_physopt.dcp"/>
  <File Type="PHYSOPT-DRC" Name="textlcd_drc_physopted.rpt"/>
  <File Type="BITSTR-MSK" Name="textlcd.msk"/>
  <File Type="PHYSOPT-TIMING" Name="textlcd_timing_summary_physopted.rpt"/>
  <File Type="ROUTE-ERROR-DCP" Name="textlcd_routed_error.dcp"/>
  <File Type="ROUTE-DCP" Name="textlcd_routed.dcp"/>
  <File Type="ROUTE-BLACKBOX-DCP" Name="textlcd_routed_bb.dcp"/>
  <File Type="ROUTE-DRC" Name="textlcd_drc_routed.rpt"/>
  <File Type="ROUTE-DRC-PB" Name="textlcd_drc_routed.pb"/>
  <File Type="BITSTR-LTX" Name="debug_nets.ltx"/>
  <File Type="BITSTR-LTX" Name="textlcd.ltx"/>
  <File Type="ROUTE-DRC-RPX" Name="textlcd_drc_routed.rpx"/>
  <File Type="BITSTR-MMI" Name="textlcd.mmi"/>
  <File Type="ROUTE-METHODOLOGY-DRC" Name="textlcd_methodology_drc_routed.rpt"/>
  <File Type="ROUTE-METHODOLOGY-DRC-RPX" Name="textlcd_methodology_drc_routed.rpx"/>
  <File Type="BITSTR-SYSDEF" Name="textlcd.sysdef"/>
  <File Type="ROUTE-METHODOLOGY-DRC-PB" Name="textlcd_methodology_drc_routed.pb"/>
  <File Type="ROUTE-PWR-RPX" Name="textlcd_power_routed.rpx"/>
  <File Type="ROUTE-STATUS" Name="textlcd_route_status.rpt"/>
  <File Type="ROUTE-STATUS-PB" Name="textlcd_route_status.pb"/>
  <File Type="ROUTE-TIMINGSUMMARY" Name="textlcd_timing_summary_routed.rpt"/>
  <File Type="ROUTE-TIMING-PB" Name="textlcd_timing_summary_routed.pb"/>
  <File Type="ROUTE-TIMING-RPX" Name="textlcd_timing_summary_routed.rpx"/>
  <File Type="ROUTE-SIMILARITY" Name="textlcd_incremental_reuse_routed.rpt"/>
  <File Type="ROUTE-CLK" Name="textlcd_clock_utilization_routed.rpt"/>
  <File Type="ROUTE-BUS-SKEW" Name="textlcd_bus_skew_routed.rpt"/>
  <File Type="ROUTE-BUS-SKEW-PB" Name="textlcd_bus_skew_routed.pb"/>
  <File Type="ROUTE-BUS-SKEW-RPX" Name="textlcd_bus_skew_routed.rpx"/>
  <File Type="POSTROUTE-PHYSOPT-DCP" Name="textlcd_postroute_physopt.dcp"/>
  <File Type="POSTROUTE-PHYSOPT-BLACKBOX-DCP" Name="textlcd_postroute_physopt_bb.dcp"/>
  <File Type="POSTROUTE-PHYSOPT-TIMING" Name="textlcd_timing_summary_postroute_physopted.rpt"/>
  <File Type="POSTROUTE-PHYSOPT-TIMING-PB" Name="textlcd_timing_summary_postroute_physopted.pb"/>
  <File Type="POSTROUTE-PHYSOPT-TIMING-RPX" Name="textlcd_timing_summary_postroute_physopted.rpx"/>
  <File Type="POSTROUTE-PHYSOPT-BUS-SKEW" Name="textlcd_bus_skew_postroute_physopted.rpt"/>
  <File Type="POSTROUTE-PHYSOPT-BUS-SKEW-PB" Name="textlcd_bus_skew_postroute_physopted.pb"/>
  <File Type="BG-BIT" Name="textlcd.bit"/>
  <File Type="POSTROUTE-PHYSOPT-BUS-SKEW-RPX" Name="textlcd_bus_skew_postroute_physopted.rpx"/>
  <File Type="BITSTR-RBT" Name="textlcd.rbt"/>
  <File Type="BITSTR-NKY" Name="textlcd.nky"/>
  <File Type="BG-DRC" Name="textlcd.drc"/>
  <File Type="RDI-RDI" Name="textlcd.vdi"/>
  <File Type="WBT-USG" Name="usage_statistics_webtalk.html"/>
  <FileSet Name="sources" Type="DesignSrcs" RelSrcDir="$PSRCDIR/sources_1">
    <Filter Type="Srcs"/>
    <File Path="$PSRCDIR/sources_1/imports/2016117270/textlcd.v">
      <FileInfo>
        <Attr Name="ImportPath" Val="$PPRDIR/../textlcd.v"/>
        <Attr Name="ImportTime" Val="1587013546"/>
        <Attr Name="UsedIn" Val="synthesis"/>
        <Attr Name="UsedIn" Val="implementation"/>
        <Attr Name="UsedIn" Val="simulation"/>
      </FileInfo>
    </File>
    <Config>
      <Option Name="DesignMode" Val="RTL"/>
      <Option Name="TopModule" Val="textlcd"/>
      <Option Name="TopAutoSet" Val="TRUE"/>
    </Config>
  </FileSet>
  <FileSet Name="constrs_in" Type="Constrs" RelSrcDir="$PSRCDIR/constrs_1">
    <Filter Type="Constrs"/>
    <File Path="$PSRCDIR/constrs_1/imports/2016117270/top.xdc">
      <FileInfo>
        <Attr Name="ImportPath" Val="$PPRDIR/../top.xdc"/>
        <Attr Name="ImportTime" Val="1587013547"/>
        <Attr Name="UsedIn" Val="synthesis"/>
        <Attr Name="UsedIn" Val="implementation"/>
      </FileInfo>
    </File>
    <Config>
      <Option Name="ConstrsType" Val="XDC"/>
    </Config>
  </FileSet>
  <FileSet Name="utils" Type="Utils" RelSrcDir="$PSRCDIR/utils_1">
    <Filter Type="Utils"/>
    <Config>
      <Option Name="TopAutoSet" Val="TRUE"/>
    </Config>
  </FileSet>
  <Strategy Version="1" Minor="2">
    <StratHandle Name="Vivado Implementation Defaults" Flow="Vivado Implementation 2019"/>
    <Step Id="init_design"/>
    <Step Id="opt_design"/>
    <Step Id="power_opt_design"/>
    <Step Id="place_design"/>
    <Step Id="post_place_power_opt_design"/>
    <Step Id="phys_opt_design"/>
    <Step Id="route_design"/>
    <Step Id="post_route_phys_opt_design"/>
    <Step Id="write_bitstream"/>
  </Strategy>
</GenRun>
